{"cameraMode":{"drawMode":0,"name":"Shaded","section":"Shading Mode"},"sceneLighting":true,"audioPlay":false,"sceneViewState":{"showFog":false,"showMaterialUpdate":false,"showSkybox":false,"showFlares":false,"showImageEffects":false,"showParticleSystems":false},"in2DMode":false,"pivot":{"x":-4.817493438720703,"y":2.3198533058166506,"z":-11.742307662963868},"rotation":{"x":-0.06771785765886307,"y":0.8969298005104065,"z":-0.41123974323272707,"w":-0.14769618213176728},"size":13.833717346191407,"orthographic":true}