{"cameraMode":{"drawMode":0,"name":"Shaded","section":"Shading Mode"},"sceneLighting":true,"audioPlay":false,"sceneViewState":{"showFog":false,"showMaterialUpdate":false,"showSkybox":false,"showFlares":false,"showImageEffects":false,"showParticleSystems":false},"in2DMode":false,"pivot":{"x":-6.906191349029541,"y":-0.5912061929702759,"z":-3.611877679824829},"rotation":{"x":0.08537554740905762,"y":0.6551890969276428,"z":-0.0751863569021225,"w":0.7469802498817444},"size":0.6072739362716675,"orthographic":false}