{"cameraMode":{"drawMode":0,"name":"Shaded","section":"Shading Mode"},"sceneLighting":true,"audioPlay":false,"sceneViewState":{"showFog":false,"showMaterialUpdate":false,"showSkybox":false,"showFlares":false,"showImageEffects":false,"showParticleSystems":false},"in2DMode":false,"pivot":{"x":-10.55859375,"y":5.78472900390625,"z":-7.326904296875},"rotation":{"x":-0.2762364447116852,"y":0.00827834289520979,"z":0.00683503458276391,"w":-0.9618716239929199},"size":8.167733192443848,"orthographic":true}