{"cameraMode":{"drawMode":0,"name":"Shaded","section":"Shading Mode"},"sceneLighting":false,"audioPlay":false,"sceneViewState":{"showFog":false,"showMaterialUpdate":false,"showSkybox":false,"showFlares":false,"showImageEffects":false,"showParticleSystems":false},"in2DMode":false,"pivot":{"x":-0.02083178609609604,"y":-0.0028756558895111086,"z":0.0979519933462143},"rotation":{"x":-0.2762364447116852,"y":0.00827834289520979,"z":0.00683503458276391,"w":-0.9618716239929199},"size":0.17811289429664613,"orthographic":true}