{"cameraMode":{"drawMode":0,"name":"Shaded","section":"Shading Mode"},"sceneLighting":true,"audioPlay":false,"sceneViewState":{"showFog":false,"showMaterialUpdate":false,"showSkybox":false,"showFlares":false,"showImageEffects":false,"showParticleSystems":false},"in2DMode":false,"pivot":{"x":-29.83123779296875,"y":-11.994527816772461,"z":-2.38533353805542},"rotation":{"x":-0.20994406938552857,"y":0.6023048758506775,"z":-0.1682479977607727,"w":-0.751568078994751},"size":13.833717346191407,"orthographic":false}