{"cameraMode":{"drawMode":0,"name":"Shaded","section":"Shading Mode"},"sceneLighting":true,"audioPlay":false,"sceneViewState":{"showFog":false,"showMaterialUpdate":false,"showSkybox":false,"showFlares":false,"showImageEffects":false,"showParticleSystems":false},"in2DMode":false,"pivot":{"x":-2.327711582183838,"y":-0.5802557468414307,"z":-11.407310485839844},"rotation":{"x":0.7155069708824158,"y":-0.1890752762556076,"z":0.21195901930332185,"w":0.6382588148117065},"size":2.619615316390991,"orthographic":false}