{"cameraMode":{"drawMode":0,"name":"Shaded","section":"Shading Mode"},"sceneLighting":true,"audioPlay":false,"sceneViewState":{"showFog":false,"showMaterialUpdate":false,"showSkybox":false,"showFlares":false,"showImageEffects":false,"showParticleSystems":false},"in2DMode":false,"pivot":{"x":414.62030029296877,"y":204.8126220703125,"z":71.01776123046875},"rotation":{"x":0.1583097130060196,"y":-0.016290748491883279,"z":0.0026127356104552747,"w":0.9872542023658752},"size":352.1574401855469,"orthographic":false}