{"cameraMode":{"drawMode":0,"name":"Shaded","section":"Shading Mode"},"sceneLighting":true,"audioPlay":false,"sceneViewState":{"showFog":false,"showMaterialUpdate":false,"showSkybox":false,"showFlares":false,"showImageEffects":false,"showParticleSystems":false},"in2DMode":false,"pivot":{"x":-4.620591163635254,"y":-1.2420872449874879,"z":-3.6130988597869875},"rotation":{"x":0.0003774953365791589,"y":0.9678139686584473,"z":-0.0014517236268147827,"w":0.25166261196136477},"size":0.8675515055656433,"orthographic":false}