{"cameraMode":{"drawMode":0,"name":"Shaded","section":"Shading Mode"},"sceneLighting":true,"audioPlay":false,"sceneViewState":{"showFog":false,"showMaterialUpdate":false,"showSkybox":false,"showFlares":false,"showImageEffects":false,"showParticleSystems":false},"in2DMode":false,"pivot":{"x":-12.832269668579102,"y":-4.770873069763184,"z":-10.969390869140625},"rotation":{"x":-0.023116691038012506,"y":0.9766627550125122,"z":-0.161122664809227,"w":-0.14012420177459718},"size":12.317520141601563,"orthographic":false}