{"cameraMode":{"drawMode":0,"name":"Shaded","section":"Shading Mode"},"sceneLighting":true,"audioPlay":false,"sceneViewState":{"showFog":false,"showMaterialUpdate":false,"showSkybox":false,"showFlares":false,"showImageEffects":false,"showParticleSystems":false},"in2DMode":false,"pivot":{"x":4.780699729919434,"y":-10.590115547180176,"z":20.461210250854493},"rotation":{"x":0.22678177058696748,"y":0.2027835100889206,"z":-0.04833247885107994,"w":0.9513972997665405},"size":15.283403396606446,"orthographic":false}